P3_mean,O1_mean,C4_mean,C4_std,P3_entropy,FC6_entropy,left_cheek,right_cheek,nose,left_eye,right_eye,left_eye_2,right_eye_2,left_eyebrows,right_eyebrows,diagnosis
-0.018719465,-0.025897302,-0.032784479,9.511983762,1651.154971,7547.990275,29.8195038,29.82390633,32.76707089,32.97580122,33.27714503,35.10958333,35.02355655,32.51522933,32.53142119,yes
0.015107739,-0.001617486,-0.020617525,5.958345915,1548.854181,1430.29181,30.51127595,31.56782977,27.61561658,33.41338021,33.29895573,34.33673525,34.67270233,30.79003367,30.80837181,yes
0.003762825,0.009560734,0.00601202,9.765084557,8346.683848,12307.42904,29.02384385,29.98576043,27.95239248,33.01564172,33.12711111,34.32563025,34.41683473,33.0337986,33.25555334,no
-0.010805133,-0.006314187,0.01633811,7.053745052,2616.490257,6931.410221,27.86317743,27.83238383,27.51260843,32.90241627,33.04294159,34.27571429,34.58969697,32.9072711,33.0999609,no
0.013268859,0.015938935,0.0027087,10.46996055,2805.505927,1945.286417,29.97581884,30.40175725,27.49024473,33.90157946,34.32900194,34.81048077,34.94362179,33.69017157,33.98853554,no
0.483056515,-1.356096542,-1.731332412,1892.410842,345.6876835,503.3303682,29.20337704,29.97125986,28.94050257,33.75904751,34.14822624,35.19182105,34.78333684,33.57025665,33.17422659,yes
-0.055586059,-0.162709721,-0.23914306,4747.265776,1477.750767,1376.669726,30.0452511,29.78419784,30.56306366,33.6787538,33.01674164,35.11207991,34.86772033,33.247712,32.6373358,yes
-0.0254985,-0.044992169,-0.035729538,132.4511596,9139.01536,2931.678071,31.84014815,32.94881834,33.45434092,34.68948289,33.90696078,35.76302597,35.51616883,33.04075053,34.55794221,yes
0.007964392,-0.001322981,0.001698603,9.201740777,5095.930884,13538.64131,30.69017799,31.46436146,32.97866436,34.22920068,34.74547619,34.81984407,35.28117464,34.30810745,34.66386447,no
0.016780844,-0.00319165,0.005589377,9.725143779,2465.33938,2093.443752,30.55014324,30.2697527,32.30463642,34.21626423,33.65432419,35.61687304,34.83690439,33.7555391,32.46219767,yes
-0.00410625,-6.34E-05,0.004909848,9.566737734,6894.663125,3055.208271,29.35179803,29.53149877,27.20018116,33.86162632,34.04537719,34.63904135,34.95963346,33.12136447,33.34608669,no
0.012476459,0.000232184,0.004613374,8.785583026,3165.821391,11390.32129,30.18754821,30.22024033,32.32680405,33.57290944,33.46537751,34.77102978,34.91598015,32.85371027,33.43817365,no
-0.023256999,0.00038559,-0.006621898,11.69026172,1436.781056,1489.560705,30.3355625,30.89452201,29.19536038,33.86316895,33.73330606,35.30531078,34.66575138,33.50040649,32.99419728,yes
-0.005046484,-0.009710548,-0.001999939,7.862968167,4983.840195,5434.333033,30.3355625,30.89452201,29.19536038,35.30531078,34.66575138,33.86316895,33.73330606,33.50040649,32.99419728,no
-0.581381335,-0.30959736,0.157925711,2573.742374,641.3710053,717.0076149,29.57932558,29.46992442,25.58665403,33.74494986,33.71436334,34.90264228,34.6851626,32.78170881,32.59385632,yes
0.004309549,0.01040197,0.018687669,10.70031487,7533.676134,9676.690117,28.67419212,28.62720614,29.24905208,34.70874644,35.17667616,33.35140651,33.39131629,32.95922127,32.86450855,no
-0.005185209,-0.015906231,0.005966856,10.55442195,8260.494164,4085.636379,29.3451171,28.77146923,26.42456834,35.25636261,34.67739865,33.7884399,33.07329284,32.85255859,33.0099707,no
